Sample_ID,prior_exposure,variant,log10_IC50,mutations
9,False,Ancestral (A),1.422,
57,False,Ancestral (A),1.996,
205,False,Ancestral (A),1.551,
222,False,Ancestral (A),1.927,
236,False,Ancestral (A),3.229,
422,False,Ancestral (A),2.239,
447,False,Ancestral (A),1.942,
467,False,Ancestral (A),2.334,
582,False,Ancestral (A),2.542,
596,False,Ancestral (A),1.839,
614,False,Ancestral (A),2.175,
636,False,Ancestral (A),2.196,
8,False,Ancestral (A),2.319,
288,False,Ancestral (A),1,
318,False,Ancestral (A),2.162,
607,False,Ancestral (A),2.594,
149,True,Ancestral (A),3.077,
158,True,Ancestral (A),2.015,
278,True,Ancestral (A),2.341,
297,True,Ancestral (A),2.304,
356,True,Ancestral (A),2.42,
365,True,Ancestral (A),1.958,
436,True,Ancestral (A),2.422,
445,True,Ancestral (A),2.978,
453,True,Ancestral (A),2.915,
633,True,Ancestral (A),2.765,
163,True,Ancestral (A),1,
324,True,Ancestral (A),1.686,
347,True,Ancestral (A),2.548,
29,True,Ancestral (A),2.49,
9,False,B.1.526a,1.954,S477N
57,False,B.1.526a,1.963,S477N
205,False,B.1.526a,1.594,S477N
222,False,B.1.526a,1.956,S477N
236,False,B.1.526a,2.476,S477N
422,False,B.1.526a,2.341,S477N
447,False,B.1.526a,1.973,S477N
467,False,B.1.526a,2.426,S477N
582,False,B.1.526a,2.434,S477N
596,False,B.1.526a,1.554,S477N
614,False,B.1.526a,1.964,S477N
636,False,B.1.526a,1.979,S477N
8,False,B.1.526a,2.458,S477N
288,False,B.1.526a,1,S477N
318,False,B.1.526a,1.97,S477N
607,False,B.1.526a,2.592,S477N
149,True,B.1.526a,2.976,S477N
158,True,B.1.526a,2.02,S477N
278,True,B.1.526a,2.526,S477N
297,True,B.1.526a,2.454,S477N
356,True,B.1.526a,2.437,S477N
365,True,B.1.526a,1.978,S477N
436,True,B.1.526a,2.397,S477N
445,True,B.1.526a,3.069,S477N
453,True,B.1.526a,2.946,S477N
633,True,B.1.526a,2.903,S477N
163,True,B.1.526a,1,S477N
324,True,B.1.526a,1.503,S477N
347,True,B.1.526a,2.426,S477N
29,True,B.1.526a,2.448,S477N
9,False,B.1.526b,1.808,S477N
57,False,B.1.526b,1.967,S477N
205,False,B.1.526b,1.492,S477N
222,False,B.1.526b,1.986,S477N
236,False,B.1.526b,1.971,S477N
422,False,B.1.526b,2.214,S477N
447,False,B.1.526b,1.968,S477N
467,False,B.1.526b,2.254,S477N
582,False,B.1.526b,2.349,S477N
596,False,B.1.526b,1.436,S477N
614,False,B.1.526b,1.964,S477N
636,False,B.1.526b,1.951,S477N
8,False,B.1.526b,2.44,S477N
288,False,B.1.526b,1,S477N
318,False,B.1.526b,2.083,S477N
607,False,B.1.526b,2.425,S477N
149,True,B.1.526b,3.087,S477N
158,True,B.1.526b,1.959,S477N
278,True,B.1.526b,2.017,S477N
297,True,B.1.526b,1.983,S477N
356,True,B.1.526b,2.229,S477N
365,True,B.1.526b,1.968,S477N
436,True,B.1.526b,2.361,S477N
445,True,B.1.526b,2.992,S477N
453,True,B.1.526b,2.94,S477N
633,True,B.1.526b,2.951,S477N
163,True,B.1.526b,1,S477N
324,True,B.1.526b,1.613,S477N
347,True,B.1.526b,2.239,S477N
29,True,B.1.526b,2.45,S477N
9,False,B.1.1.7a,1.672,N501Y
57,False,B.1.1.7a,1.971,N501Y
205,False,B.1.1.7a,1.497,N501Y
222,False,B.1.1.7a,1.601,N501Y
236,False,B.1.1.7a,2.356,N501Y
422,False,B.1.1.7a,2.141,N501Y
447,False,B.1.1.7a,1.954,N501Y
467,False,B.1.1.7a,2.299,N501Y
582,False,B.1.1.7a,2.081,N501Y
596,False,B.1.1.7a,1.474,N501Y
614,False,B.1.1.7a,1.872,N501Y
636,False,B.1.1.7a,1.932,N501Y
8,False,B.1.1.7a,2.009,N501Y
288,False,B.1.1.7a,1,N501Y
318,False,B.1.1.7a,1.825,N501Y
607,False,B.1.1.7a,2.025,N501Y
149,True,B.1.1.7a,2.959,N501Y
158,True,B.1.1.7a,1.935,N501Y
278,True,B.1.1.7a,2.417,N501Y
297,True,B.1.1.7a,2.35,N501Y
356,True,B.1.1.7a,2.325,N501Y
365,True,B.1.1.7a,2.07,N501Y
436,True,B.1.1.7a,2.446,N501Y
445,True,B.1.1.7a,3.162,N501Y
453,True,B.1.1.7a,2.925,N501Y
633,True,B.1.1.7a,2.567,N501Y
163,True,B.1.1.7a,1,N501Y
324,True,B.1.1.7a,1.284,N501Y
347,True,B.1.1.7a,2.207,N501Y
29,True,B.1.1.7a,2.448,N501Y
9,False,B.1.517,1.673,N501T
57,False,B.1.517,1.902,N501T
205,False,B.1.517,1.215,N501T
222,False,B.1.517,1.785,N501T
236,False,B.1.517,1.962,N501T
422,False,B.1.517,2.134,N501T
447,False,B.1.517,1.707,N501T
467,False,B.1.517,2.009,N501T
582,False,B.1.517,2.287,N501T
596,False,B.1.517,1.153,N501T
614,False,B.1.517,1.824,N501T
636,False,B.1.517,1.776,N501T
8,False,B.1.517,2.206,N501T
288,False,B.1.517,1,N501T
318,False,B.1.517,1.969,N501T
607,False,B.1.517,2.219,N501T
149,True,B.1.517,2.907,N501T
158,True,B.1.517,1.778,N501T
278,True,B.1.517,2.418,N501T
297,True,B.1.517,2.17,N501T
356,True,B.1.517,2.357,N501T
365,True,B.1.517,1.976,N501T
436,True,B.1.517,2.098,N501T
445,True,B.1.517,2.916,N501T
453,True,B.1.517,2.953,N501T
633,True,B.1.517,2.712,N501T
163,True,B.1.517,1,N501T
324,True,B.1.517,1.397,N501T
347,True,B.1.517,2.119,N501T
29,True,B.1.517,2.471,N501T
9,False,B.1.526c,1.844,E484K
57,False,B.1.526c,1.775,E484K
205,False,B.1.526c,1.432,E484K
222,False,B.1.526c,1.523,E484K
236,False,B.1.526c,1.736,E484K
422,False,B.1.526c,2.19,E484K
447,False,B.1.526c,1.892,E484K
467,False,B.1.526c,1.939,E484K
582,False,B.1.526c,1.955,E484K
596,False,B.1.526c,1.435,E484K
614,False,B.1.526c,1.753,E484K
636,False,B.1.526c,2.018,E484K
8,False,B.1.526c,2.281,E484K
288,False,B.1.526c,1,E484K
318,False,B.1.526c,1.909,E484K
607,False,B.1.526c,2.407,E484K
149,True,B.1.526c,2.606,E484K
158,True,B.1.526c,1.505,E484K
278,True,B.1.526c,2.166,E484K
297,True,B.1.526c,2.221,E484K
356,True,B.1.526c,2.274,E484K
365,True,B.1.526c,1.983,E484K
436,True,B.1.526c,2.253,E484K
445,True,B.1.526c,2.858,E484K
453,True,B.1.526c,2.639,E484K
633,True,B.1.526c,2.849,E484K
163,True,B.1.526c,1,E484K
324,True,B.1.526c,1.37,E484K
347,True,B.1.526c,2.036,E484K
29,True,B.1.526c,1.958,E484K
9,False,B.1.617.2,1.5,L452R T478K
57,False,B.1.617.2,1.507,L452R T478K
205,False,B.1.617.2,1.493,L452R T478K
222,False,B.1.617.2,1.512,L452R T478K
236,False,B.1.617.2,1.5,L452R T478K
422,False,B.1.617.2,1.724,L452R T478K
447,False,B.1.617.2,1.755,L452R T478K
467,False,B.1.617.2,1.788,L452R T478K
582,False,B.1.617.2,1.81,L452R T478K
596,False,B.1.617.2,1.002,L452R T478K
614,False,B.1.617.2,1.668,L452R T478K
636,False,B.1.617.2,1.699,L452R T478K
8,False,B.1.617.2,1.985,L452R T478K
288,False,B.1.617.2,1,L452R T478K
318,False,B.1.617.2,1.644,L452R T478K
607,False,B.1.617.2,1.925,L452R T478K
149,True,B.1.617.2,2.901,L452R T478K
158,True,B.1.617.2,1.943,L452R T478K
278,True,B.1.617.2,1.974,L452R T478K
297,True,B.1.617.2,1.974,L452R T478K
356,True,B.1.617.2,2.383,L452R T478K
365,True,B.1.617.2,1.699,L452R T478K
436,True,B.1.617.2,1.977,L452R T478K
445,True,B.1.617.2,2.842,L452R T478K
453,True,B.1.617.2,2.424,L452R T478K
633,True,B.1.617.2,2.436,L452R T478K
163,True,B.1.617.2,1,L452R T478K
324,True,B.1.617.2,1.508,L452R T478K
347,True,B.1.617.2,1.724,L452R T478K
29,True,B.1.617.2,1.97,L452R T478K
9,False,R.1,1.481,E484K
57,False,R.1,1.492,E484K
205,False,R.1,1.444,E484K
222,False,R.1,1.546,E484K
236,False,R.1,1.492,E484K
422,False,R.1,2.377,E484K
447,False,R.1,1.93,E484K
467,False,R.1,1.947,E484K
582,False,R.1,1.945,E484K
596,False,R.1,1.024,E484K
614,False,R.1,1.938,E484K
636,False,R.1,1.716,E484K
8,False,R.1,2.071,E484K
288,False,R.1,1,E484K
318,False,R.1,1.826,E484K
607,False,R.1,2.359,E484K
149,True,R.1,2.41,E484K
158,True,R.1,1.51,E484K
278,True,R.1,1.975,E484K
297,True,R.1,1.995,E484K
356,True,R.1,2.005,E484K
365,True,R.1,1.975,E484K
436,True,R.1,1.999,E484K
445,True,R.1,2.838,E484K
453,True,R.1,2.864,E484K
633,True,R.1,2.563,E484K
163,True,R.1,1,E484K
324,True,R.1,1.161,E484K
347,True,R.1,1.767,E484K
29,True,R.1,1.992,E484K
9,False,B.1.427,1.485,L452R
57,False,B.1.427,1.507,L452R
205,False,B.1.427,1.225,L452R
222,False,B.1.427,1.391,L452R
236,False,B.1.427,1.725,L452R
422,False,B.1.427,1.984,L452R
447,False,B.1.427,1.633,L452R
467,False,B.1.427,1.619,L452R
582,False,B.1.427,1.761,L452R
596,False,B.1.427,1.002,L452R
614,False,B.1.427,1.494,L452R
636,False,B.1.427,1.739,L452R
8,False,B.1.427,1.918,L452R
288,False,B.1.427,1,L452R
318,False,B.1.427,1.69,L452R
607,False,B.1.427,2.107,L452R
149,True,B.1.427,2.578,L452R
158,True,B.1.427,1.497,L452R
278,True,B.1.427,2.043,L452R
297,True,B.1.427,2.029,L452R
356,True,B.1.427,2.143,L452R
365,True,B.1.427,1.762,L452R
436,True,B.1.427,1.952,L452R
445,True,B.1.427,2.881,L452R
453,True,B.1.427,2.641,L452R
633,True,B.1.427,2.318,L452R
163,True,B.1.427,1,L452R
324,True,B.1.427,1.423,L452R
347,True,B.1.427,1.737,L452R
29,True,B.1.427,1.927,L452R
9,False,B.1.526d,1.514,L452R
57,False,B.1.526d,1.496,L452R
205,False,B.1.526d,1.441,L452R
222,False,B.1.526d,1.499,L452R
236,False,B.1.526d,1.786,L452R
422,False,B.1.526d,1.961,L452R
447,False,B.1.526d,1.63,L452R
467,False,B.1.526d,1.88,L452R
582,False,B.1.526d,1.671,L452R
596,False,B.1.526d,1.004,L452R
614,False,B.1.526d,1.895,L452R
636,False,B.1.526d,1.722,L452R
8,False,B.1.526d,1.949,L452R
288,False,B.1.526d,1,L452R
318,False,B.1.526d,1.65,L452R
607,False,B.1.526d,1.979,L452R
149,True,B.1.526d,2.593,L452R
158,True,B.1.526d,1.524,L452R
278,True,B.1.526d,2.094,L452R
297,True,B.1.526d,2.004,L452R
356,True,B.1.526d,2.179,L452R
365,True,B.1.526d,1.513,L452R
436,True,B.1.526d,1.966,L452R
445,True,B.1.526d,2.67,L452R
453,True,B.1.526d,2.609,L452R
633,True,B.1.526d,2.613,L452R
163,True,B.1.526d,1,L452R
324,True,B.1.526d,1.166,L452R
347,True,B.1.526d,1.95,L452R
29,True,B.1.526d,1.957,L452R
9,False,B.1.429,1.468,L452R
57,False,B.1.429,1.462,L452R
205,False,B.1.429,1.215,L452R
222,False,B.1.429,1.462,L452R
236,False,B.1.429,1.757,L452R
422,False,B.1.429,1.954,L452R
447,False,B.1.429,1.552,L452R
467,False,B.1.429,1.732,L452R
582,False,B.1.429,1.806,L452R
596,False,B.1.429,1.002,L452R
614,False,B.1.429,1.618,L452R
636,False,B.1.429,1.709,L452R
8,False,B.1.429,2.125,L452R
288,False,B.1.429,1.0,L452R
318,False,B.1.429,1.657,L452R
607,False,B.1.429,1.964,L452R
149,True,B.1.429,2.566,L452R
158,True,B.1.429,1.576,L452R
278,True,B.1.429,2.114,L452R
297,True,B.1.429,1.964,L452R
356,True,B.1.429,2.099,L452R
365,True,B.1.429,1.716,L452R
436,True,B.1.429,1.889,L452R
445,True,B.1.429,2.6,L452R
453,True,B.1.429,2.677,L452R
633,True,B.1.429,2.402,L452R
163,True,B.1.429,1.0,L452R
324,True,B.1.429,1.241,L452R
347,True,B.1.429,1.786,L452R
29,True,B.1.429,1.942,L452R
9,False,B.1.525,1.429,E484K
57,False,B.1.525,1.467,E484K
205,False,B.1.525,1.408,E484K
222,False,B.1.525,2.125,E484K
236,False,B.1.525,1.542,E484K
422,False,B.1.525,1.955,E484K
447,False,B.1.525,1.706,E484K
467,False,B.1.525,1.874,E484K
582,False,B.1.525,1.851,E484K
596,False,B.1.525,1.021,E484K
614,False,B.1.525,1.621,E484K
636,False,B.1.525,1.489,E484K
8,False,B.1.525,1.959,E484K
288,False,B.1.525,1.0,E484K
318,False,B.1.525,1.638,E484K
607,False,B.1.525,1.985,E484K
149,True,B.1.525,2.364,E484K
158,True,B.1.525,1.49,E484K
278,True,B.1.525,1.975,E484K
297,True,B.1.525,2.119,E484K
356,True,B.1.525,1.966,E484K
365,True,B.1.525,1.781,E484K
436,True,B.1.525,1.914,E484K
445,True,B.1.525,2.449,E484K
453,True,B.1.525,2.537,E484K
633,True,B.1.525,2.215,E484K
163,True,B.1.525,1.0,E484K
324,True,B.1.525,1.122,E484K
347,True,B.1.525,1.757,E484K
29,True,B.1.525,1.927,E484K
9,False,B.1.617.1,1.487,L452R E484Q
57,False,B.1.617.1,1.489,L452R E484Q
205,False,B.1.617.1,1.031,L452R E484Q
222,False,B.1.617.1,1.491,L452R E484Q
236,False,B.1.617.1,1.483,L452R E484Q
422,False,B.1.617.1,1.51,L452R E484Q
447,False,B.1.617.1,1.494,L452R E484Q
467,False,B.1.617.1,1.606,L452R E484Q
582,False,B.1.617.1,1.612,L452R E484Q
596,False,B.1.617.1,1.004,L452R E484Q
614,False,B.1.617.1,1.51,L452R E484Q
636,False,B.1.617.1,1.612,L452R E484Q
8,False,B.1.617.1,1.987,L452R E484Q
288,False,B.1.617.1,1.0,L452R E484Q
318,False,B.1.617.1,1.516,L452R E484Q
607,False,B.1.617.1,1.953,L452R E484Q
149,True,B.1.617.1,2.447,L452R E484Q
158,True,B.1.617.1,1.497,L452R E484Q
278,True,B.1.617.1,1.835,L452R E484Q
297,True,B.1.617.1,1.954,L452R E484Q
356,True,B.1.617.1,1.982,L452R E484Q
365,True,B.1.617.1,2.007,L452R E484Q
436,True,B.1.617.1,1.844,L452R E484Q
445,True,B.1.617.1,2.488,L452R E484Q
453,True,B.1.617.1,2.486,L452R E484Q
633,True,B.1.617.1,2.234,L452R E484Q
163,True,B.1.617.1,1.0,L452R E484Q
324,True,B.1.617.1,1.042,L452R E484Q
347,True,B.1.617.1,1.953,L452R E484Q
29,True,B.1.617.1,1.94,L452R E484Q
9,False,P.1,1.335,K417T E484K N501Y
57,False,P.1,1.321,K417T E484K N501Y
205,False,P.1,1.035,K417T E484K N501Y
222,False,P.1,1.405,K417T E484K N501Y
236,False,P.1,1.435,K417T E484K N501Y
422,False,P.1,1.662,K417T E484K N501Y
447,False,P.1,1.458,K417T E484K N501Y
467,False,P.1,1.47,K417T E484K N501Y
582,False,P.1,1.633,K417T E484K N501Y
596,False,P.1,1.002,K417T E484K N501Y
614,False,P.1,1.466,K417T E484K N501Y
636,False,P.1,1.469,K417T E484K N501Y
8,False,P.1,1.769,K417T E484K N501Y
288,False,P.1,1.0,K417T E484K N501Y
318,False,P.1,1.465,K417T E484K N501Y
607,False,P.1,2.072,K417T E484K N501Y
149,True,P.1,2.357,K417T E484K N501Y
158,True,P.1,1.467,K417T E484K N501Y
278,True,P.1,1.963,K417T E484K N501Y
297,True,P.1,1.642,K417T E484K N501Y
356,True,P.1,1.832,K417T E484K N501Y
365,True,P.1,1.529,K417T E484K N501Y
436,True,P.1,1.567,K417T E484K N501Y
445,True,P.1,2.56,K417T E484K N501Y
453,True,P.1,2.439,K417T E484K N501Y
633,True,P.1,2.358,K417T E484K N501Y
163,True,P.1,1.0,K417T E484K N501Y
324,True,P.1,1.011,K417T E484K N501Y
347,True,P.1,1.633,K417T E484K N501Y
29,True,P.1,1.832,K417T E484K N501Y
9,False,B.1,1.291,E484K N501T
57,False,B.1,1.301,E484K N501T
205,False,B.1,1.007,E484K N501T
222,False,B.1,1.389,E484K N501T
236,False,B.1,1.462,E484K N501T
422,False,B.1,1.521,E484K N501T
447,False,B.1,1.475,E484K N501T
467,False,B.1,1.467,E484K N501T
582,False,B.1,1.504,E484K N501T
596,False,B.1,0.9755,E484K N501T
614,False,B.1,1.472,E484K N501T
636,False,B.1,1.411,E484K N501T
8,False,B.1,1.718,E484K N501T
288,False,B.1,1.0,E484K N501T
318,False,B.1,1.485,E484K N501T
607,False,B.1,1.956,E484K N501T
149,True,B.1,2.365,E484K N501T
158,True,B.1,1.475,E484K N501T
278,True,B.1,1.948,E484K N501T
297,True,B.1,1.71,E484K N501T
356,True,B.1,1.957,E484K N501T
365,True,B.1,1.484,E484K N501T
436,True,B.1,1.505,E484K N501T
445,True,B.1,2.527,E484K N501T
453,True,B.1,2.428,E484K N501T
633,True,B.1,2.269,E484K N501T
163,True,B.1,1.0,E484K N501T
324,True,B.1,1.012,E484K N501T
347,True,B.1,1.663,E484K N501T
29,True,B.1,1.529,E484K N501T
9,False,B.1.1.7b,1.444,E484K N501Y
57,False,B.1.1.7b,1.519,E484K N501Y
205,False,B.1.1.7b,1.008,E484K N501Y
222,False,B.1.1.7b,1.359,E484K N501Y
236,False,B.1.1.7b,1.471,E484K N501Y
422,False,B.1.1.7b,1.498,E484K N501Y
447,False,B.1.1.7b,1.43,E484K N501Y
467,False,B.1.1.7b,1.46,E484K N501Y
582,False,B.1.1.7b,1.521,E484K N501Y
596,False,B.1.1.7b,1.0,E484K N501Y
614,False,B.1.1.7b,1.522,E484K N501Y
636,False,B.1.1.7b,1.469,E484K N501Y
8,False,B.1.1.7b,1.872,E484K N501Y
288,False,B.1.1.7b,1.0,E484K N501Y
318,False,B.1.1.7b,1.538,E484K N501Y
607,False,B.1.1.7b,1.976,E484K N501Y
149,True,B.1.1.7b,2.224,E484K N501Y
158,True,B.1.1.7b,1.47,E484K N501Y
278,True,B.1.1.7b,1.939,E484K N501Y
297,True,B.1.1.7b,1.751,E484K N501Y
356,True,B.1.1.7b,1.948,E484K N501Y
365,True,B.1.1.7b,1.522,E484K N501Y
436,True,B.1.1.7b,1.552,E484K N501Y
445,True,B.1.1.7b,2.474,E484K N501Y
453,True,B.1.1.7b,2.466,E484K N501Y
633,True,B.1.1.7b,2.334,E484K N501Y
163,True,B.1.1.7b,1.0,E484K N501Y
324,True,B.1.1.7b,1.125,E484K N501Y
347,True,B.1.1.7b,1.642,E484K N501Y
29,True,B.1.1.7b,1.53,E484K N501Y
9,False,B.1.351a,1.153,K417N E484K N501Y
57,False,B.1.351a,1.115,K417N E484K N501Y
205,False,B.1.351a,1.001,K417N E484K N501Y
222,False,B.1.351a,1.147,K417N E484K N501Y
236,False,B.1.351a,1.486,K417N E484K N501Y
422,False,B.1.351a,1.723,K417N E484K N501Y
447,False,B.1.351a,1.396,K417N E484K N501Y
467,False,B.1.351a,1.32,K417N E484K N501Y
582,False,B.1.351a,1.719,K417N E484K N501Y
596,False,B.1.351a,0.9564,K417N E484K N501Y
614,False,B.1.351a,1.479,K417N E484K N501Y
636,False,B.1.351a,1.341,K417N E484K N501Y
8,False,B.1.351a,1.815,K417N E484K N501Y
288,False,B.1.351a,1.0,K417N E484K N501Y
318,False,B.1.351a,1.237,K417N E484K N501Y
607,False,B.1.351a,1.963,K417N E484K N501Y
149,True,B.1.351a,2.4,K417N E484K N501Y
158,True,B.1.351a,1.376,K417N E484K N501Y
278,True,B.1.351a,1.97,K417N E484K N501Y
297,True,B.1.351a,1.614,K417N E484K N501Y
356,True,B.1.351a,1.998,K417N E484K N501Y
365,True,B.1.351a,1.484,K417N E484K N501Y
436,True,B.1.351a,1.454,K417N E484K N501Y
445,True,B.1.351a,2.452,K417N E484K N501Y
453,True,B.1.351a,2.48,K417N E484K N501Y
633,True,B.1.351a,1.98,K417N E484K N501Y
163,True,B.1.351a,1.0,K417N E484K N501Y
324,True,B.1.351a,1.163,K417N E484K N501Y
347,True,B.1.351a,1.72,K417N E484K N501Y
29,True,B.1.351a,1.643,K417N E484K N501Y
9,False,B.1.351b,1.108,K417N E484K N501Y
57,False,B.1.351b,1.17,K417N E484K N501Y
205,False,B.1.351b,1.0,K417N E484K N501Y
222,False,B.1.351b,1.013,K417N E484K N501Y
236,False,B.1.351b,1.401,K417N E484K N501Y
422,False,B.1.351b,1.488,K417N E484K N501Y
447,False,B.1.351b,1.195,K417N E484K N501Y
467,False,B.1.351b,1.359,K417N E484K N501Y
582,False,B.1.351b,1.473,K417N E484K N501Y
596,False,B.1.351b,1.0,K417N E484K N501Y
614,False,B.1.351b,1.337,K417N E484K N501Y
636,False,B.1.351b,1.295,K417N E484K N501Y
8,False,B.1.351b,1.654,K417N E484K N501Y
288,False,B.1.351b,1.0,K417N E484K N501Y
318,False,B.1.351b,1.324,K417N E484K N501Y
607,False,B.1.351b,1.937,K417N E484K N501Y
149,True,B.1.351b,2.291,K417N E484K N501Y
158,True,B.1.351b,1.326,K417N E484K N501Y
278,True,B.1.351b,1.762,K417N E484K N501Y
297,True,B.1.351b,1.371,K417N E484K N501Y
356,True,B.1.351b,1.782,K417N E484K N501Y
365,True,B.1.351b,1.471,K417N E484K N501Y
436,True,B.1.351b,1.242,K417N E484K N501Y
445,True,B.1.351b,2.393,K417N E484K N501Y
453,True,B.1.351b,2.452,K417N E484K N501Y
633,True,B.1.351b,2.202,K417N E484K N501Y
163,True,B.1.351b,1.0,K417N E484K N501Y
324,True,B.1.351b,1.318,K417N E484K N501Y
347,True,B.1.351b,1.512,K417N E484K N501Y
29,True,B.1.351b,1.686,K417N E484K N501Y
