sample,group,variant,IC50,RBD_mutations,fold_change
01-07,convalescent,Parental,1609.0,,1.0
#103-3,vaccinated,Parental,313.0,,1.0
#078-3,vaccinated,Parental,1260.0,,1.0
#056-3,vaccinated,Parental,854.0,,1.0
#045-3,vaccinated,Parental,715.0,,1.0
#036-3,vaccinated,Parental,448.0,,1.0
#030-3,vaccinated,Parental,256.0,,1.0
#028-3,vaccinated,Parental,595.0,,1.0
#026-3,vaccinated,Parental,206.0,,1.0
#021-3,vaccinated,Parental,361.0,,1.0
#020-3,vaccinated,Parental,1186.0,,1.0
#007-3,vaccinated,Parental,613.0,,1.0
#006-3,vaccinated,Parental,2417.0,,1.0
#027-3,vaccinated,Parental,368.0,,1.0
PS354,convalescent,Parental,1762.0,,1.0
#005-3,vaccinated,Parental,555.0,,1.0
12-01,convalescent,Parental,293.0,,1.0
PS315,convalescent,Parental,718.0,,1.0
PS324,convalescent,Parental,773.0,,1.0
PS329,convalescent,Parental,7834.0,,1.0
PS362,convalescent,Parental,834.0,,1.0
03-03,convalescent,Parental,500.0,,1.0
PS313,convalescent,Parental,327.0,,1.0
PS314,convalescent,Parental,318.0,,1.0
PS330,convalescent,Parental,430.0,,1.0
PS340,convalescent,Parental,349.0,,1.0
PS364,convalescent,Parental,2579.0,,1.0
#006-3,vaccinated,Alpha,880.0,N501Y,0.3640877120397187
#007-3,vaccinated,Alpha,415.0,N501Y,0.6769983686786297
#020-3,vaccinated,Alpha,131.0,N501Y,0.11045531197301856
#021-3,vaccinated,Alpha,161.0,N501Y,0.44598337950138506
#026-3,vaccinated,Alpha,179.0,N501Y,0.8689320388349514
#028-3,vaccinated,Alpha,597.0,N501Y,1.0033613445378151
#045-3,vaccinated,Alpha,271.0,N501Y,0.37902097902097903
#036-3,vaccinated,Alpha,192.0,N501Y,0.42857142857142855
#056-3,vaccinated,Alpha,420.0,N501Y,0.4918032786885246
#078-3,vaccinated,Alpha,691.0,N501Y,0.5484126984126985
#103-3,vaccinated,Alpha,1407.0,N501Y,4.49520766773163
#030-3,vaccinated,Alpha,81.0,N501Y,0.31640625
#005-3,vaccinated,Alpha,440.0,N501Y,0.7927927927927928
#027-3,vaccinated,Alpha,227.0,N501Y,0.6168478260869565
PS340,convalescent,Alpha,210.0,N501Y,0.6017191977077364
03-03,convalescent,Alpha,158.0,N501Y,0.316
12-01,convalescent,Alpha,370.0,N501Y,1.2627986348122866
PS315,convalescent,Alpha,193.0,N501Y,0.26880222841225626
PS324,convalescent,Alpha,340.0,N501Y,0.4398447606727037
PS329,convalescent,Alpha,2801.0,N501Y,0.3575440388052081
01-07,convalescent,Alpha,890.0,N501Y,0.5531385954008701
PS354,convalescent,Alpha,2054.0,N501Y,1.1657207718501703
PS364,convalescent,Alpha,893.0,N501Y,0.3462582396277627
PS313,convalescent,Alpha,147.0,N501Y,0.44954128440366975
PS314,convalescent,Alpha,132.0,N501Y,0.41509433962264153
PS330,convalescent,Alpha,194.0,N501Y,0.4511627906976744
PS362,convalescent,Alpha,235.0,N501Y,0.28177458033573144
#007-3,vaccinated,Beta,128.0,K417N E484K N501Y,0.20880913539967375
#020-3,vaccinated,Beta,50.0,K417N E484K N501Y,0.04215851602023609
#021-3,vaccinated,Beta,52.0,K417N E484K N501Y,0.1440443213296399
#026-3,vaccinated,Beta,58.0,K417N E484K N501Y,0.2815533980582524
#027-3,vaccinated,Beta,205.0,K417N E484K N501Y,0.5570652173913043
#103-3,vaccinated,Beta,66.0,K417N E484K N501Y,0.2108626198083067
#030-3,vaccinated,Beta,97.0,K417N E484K N501Y,0.37890625
#045-3,vaccinated,Beta,133.0,K417N E484K N501Y,0.18601398601398603
#056-3,vaccinated,Beta,286.0,K417N E484K N501Y,0.33489461358313816
#078-3,vaccinated,Beta,141.0,K417N E484K N501Y,0.11190476190476191
#006-3,vaccinated,Beta,248.0,K417N E484K N501Y,0.10260653702937526
#028-3,vaccinated,Beta,40.0,K417N E484K N501Y,0.06722689075630252
#036-3,vaccinated,Beta,54.0,K417N E484K N501Y,0.12053571428571429
#005-3,vaccinated,Beta,64.0,K417N E484K N501Y,0.11531531531531532
PS340,convalescent,Beta,68.0,K417N E484K N501Y,0.19484240687679083
PS354,convalescent,Beta,973.0,K417N E484K N501Y,0.5522133938706016
01-07,convalescent,Beta,139.0,K417N E484K N501Y,0.08638906152889994
03-03,convalescent,Beta,40.0,K417N E484K N501Y,0.08
12-01,convalescent,Beta,117.0,K417N E484K N501Y,0.3993174061433447
PS324,convalescent,Beta,84.0,K417N E484K N501Y,0.10866752910737387
PS315,convalescent,Beta,63.0,K417N E484K N501Y,0.08774373259052924
PS362,convalescent,Beta,194.0,K417N E484K N501Y,0.23261390887290168
PS364,convalescent,Beta,320.0,K417N E484K N501Y,0.12407910042652191
PS313,convalescent,Beta,48.0,K417N E484K N501Y,0.14678899082568808
PS314,convalescent,Beta,172.0,K417N E484K N501Y,0.5408805031446541
PS330,convalescent,Beta,42.0,K417N E484K N501Y,0.09767441860465116
PS329,convalescent,Beta,1365.0,K417N E484K N501Y,0.17424049017104928
#026-3,vaccinated,Gamma,289.0,K417T E484K N501Y,1.4029126213592233
#007-3,vaccinated,Gamma,202.0,K417T E484K N501Y,0.3295269168026101
#020-3,vaccinated,Gamma,238.0,K417T E484K N501Y,0.20067453625632378
#021-3,vaccinated,Gamma,73.0,K417T E484K N501Y,0.20221606648199447
#027-3,vaccinated,Gamma,300.0,K417T E484K N501Y,0.8152173913043478
#006-3,vaccinated,Gamma,1171.0,K417T E484K N501Y,0.4844848986346711
#030-3,vaccinated,Gamma,112.0,K417T E484K N501Y,0.4375
#036-3,vaccinated,Gamma,334.0,K417T E484K N501Y,0.7455357142857143
#045-3,vaccinated,Gamma,323.0,K417T E484K N501Y,0.45174825174825173
#056-3,vaccinated,Gamma,535.0,K417T E484K N501Y,0.6264637002341921
#078-3,vaccinated,Gamma,291.0,K417T E484K N501Y,0.23095238095238096
#028-3,vaccinated,Gamma,112.0,K417T E484K N501Y,0.18823529411764706
#005-3,vaccinated,Gamma,168.0,K417T E484K N501Y,0.3027027027027027
#103-3,vaccinated,Gamma,112.0,K417T E484K N501Y,0.35782747603833864
PS340,convalescent,Gamma,542.0,K417T E484K N501Y,1.5530085959885387
01-07,convalescent,Gamma,256.0,K417T E484K N501Y,0.15910503418272218
03-03,convalescent,Gamma,131.0,K417T E484K N501Y,0.262
12-01,convalescent,Gamma,95.0,K417T E484K N501Y,0.3242320819112628
PS315,convalescent,Gamma,166.0,K417T E484K N501Y,0.23119777158774374
PS324,convalescent,Gamma,155.0,K417T E484K N501Y,0.20051746442432083
PS354,convalescent,Gamma,1777.0,K417T E484K N501Y,1.0085130533484676
PS362,convalescent,Gamma,376.0,K417T E484K N501Y,0.45083932853717024
PS364,convalescent,Gamma,537.0,K417T E484K N501Y,0.20822024040325707
PS313,convalescent,Gamma,225.0,K417T E484K N501Y,0.6880733944954128
PS314,convalescent,Gamma,377.0,K417T E484K N501Y,1.1855345911949686
PS330,convalescent,Gamma,420.0,K417T E484K N501Y,0.9767441860465116
PS329,convalescent,Gamma,2697.0,K417T E484K N501Y,0.34426857288741386
#020-3,vaccinated,Delta,,L452R T478K,
#021-3,vaccinated,Delta,,L452R T478K,
#026-3,vaccinated,Delta,,L452R T478K,
#027-3,vaccinated,Delta,,L452R T478K,
#028-3,vaccinated,Delta,,L452R T478K,
#045-3,vaccinated,Delta,,L452R T478K,
#036-3,vaccinated,Delta,,L452R T478K,
#056-3,vaccinated,Delta,,L452R T478K,
#078-3,vaccinated,Delta,,L452R T478K,
#103-3,vaccinated,Delta,,L452R T478K,
#007-3,vaccinated,Delta,,L452R T478K,
#030-3,vaccinated,Delta,,L452R T478K,
#006-3,vaccinated,Delta,,L452R T478K,
#005-3,vaccinated,Delta,,L452R T478K,
PS354,convalescent,Delta,501.0,L452R T478K,0.28433598183881953
03-03,convalescent,Delta,92.0,L452R T478K,0.184
12-01,convalescent,Delta,222.0,L452R T478K,0.757679180887372
PS315,convalescent,Delta,98.0,L452R T478K,0.13649025069637882
PS324,convalescent,Delta,194.0,L452R T478K,0.25097024579560157
PS329,convalescent,Delta,5039.0,L452R T478K,0.6432218534592801
01-07,convalescent,Delta,482.0,L452R T478K,0.2995649471721566
PS364,convalescent,Delta,503.0,L452R T478K,0.1950368359829391
PS313,convalescent,Delta,88.0,L452R T478K,0.2691131498470948
PS314,convalescent,Delta,129.0,L452R T478K,0.4056603773584906
PS330,convalescent,Delta,106.0,L452R T478K,0.24651162790697675
PS340,convalescent,Delta,117.0,L452R T478K,0.335243553008596
PS362,convalescent,Delta,199.0,L452R T478K,0.23860911270983212
#007-3,vaccinated,Epsilon,,L452R,
#020-3,vaccinated,Epsilon,,L452R,
#021-3,vaccinated,Epsilon,,L452R,
#026-3,vaccinated,Epsilon,,L452R,
#027-3,vaccinated,Epsilon,,L452R,
#036-3,vaccinated,Epsilon,,L452R,
#030-3,vaccinated,Epsilon,,L452R,
#045-3,vaccinated,Epsilon,,L452R,
#056-3,vaccinated,Epsilon,,L452R,
#078-3,vaccinated,Epsilon,,L452R,
#006-3,vaccinated,Epsilon,,L452R,
#103-3,vaccinated,Epsilon,,L452R,
#005-3,vaccinated,Epsilon,,L452R,
#028-3,vaccinated,Epsilon,,L452R,
PS340,convalescent,Epsilon,371.0,L452R,1.0630372492836677
01-07,convalescent,Epsilon,640.0,L452R,0.3977625854568055
03-03,convalescent,Epsilon,200.0,L452R,0.4
12-01,convalescent,Epsilon,260.0,L452R,0.8873720136518771
PS324,convalescent,Epsilon,362.0,L452R,0.4683053040103493
PS329,convalescent,Epsilon,3613.0,L452R,0.4611947919326015
PS315,convalescent,Epsilon,145.0,L452R,0.201949860724234
PS364,convalescent,Epsilon,624.0,L452R,0.2419542458317177
PS313,convalescent,Epsilon,278.0,L452R,0.8501529051987767
PS314,convalescent,Epsilon,877.0,L452R,2.757861635220126
PS330,convalescent,Epsilon,260.0,L452R,0.6046511627906976
PS362,convalescent,Epsilon,404.0,L452R,0.4844124700239808
PS354,convalescent,Epsilon,1502.0,L452R,0.8524404086265607
#027-3,vaccinated,Lambda,195.0,L452Q F490S,0.529891304347826
#007-3,vaccinated,Lambda,219.0,L452Q F490S,0.3572593800978793
#020-3,vaccinated,Lambda,312.0,L452Q F490S,0.2630691399662732
#021-3,vaccinated,Lambda,237.0,L452Q F490S,0.6565096952908587
#026-3,vaccinated,Lambda,127.0,L452Q F490S,0.616504854368932
#103-3,vaccinated,Lambda,406.0,L452Q F490S,1.2971246006389776
#036-3,vaccinated,Lambda,358.0,L452Q F490S,0.7991071428571429
#045-3,vaccinated,Lambda,354.0,L452Q F490S,0.4951048951048951
#056-3,vaccinated,Lambda,578.0,L452Q F490S,0.6768149882903981
#078-3,vaccinated,Lambda,579.0,L452Q F490S,0.4595238095238095
#006-3,vaccinated,Lambda,1062.0,L452Q F490S,0.439387670666115
#030-3,vaccinated,Lambda,272.0,L452Q F490S,1.0625
#005-3,vaccinated,Lambda,228.0,L452Q F490S,0.41081081081081083
#028-3,vaccinated,Lambda,434.0,L452Q F490S,0.7294117647058823
PS340,convalescent,Lambda,214.0,L452Q F490S,0.6131805157593123
01-07,convalescent,Lambda,414.0,L452Q F490S,0.25730267246737104
03-03,convalescent,Lambda,163.0,L452Q F490S,0.326
12-01,convalescent,Lambda,159.0,L452Q F490S,0.5426621160409556
PS354,convalescent,Lambda,569.0,L452Q F490S,0.3229284903518729
PS324,convalescent,Lambda,217.0,L452Q F490S,0.2807244501940492
PS315,convalescent,Lambda,247.0,L452Q F490S,0.34401114206128136
PS362,convalescent,Lambda,174.0,L452Q F490S,0.20863309352517986
PS364,convalescent,Lambda,489.0,L452Q F490S,0.1896083753392788
PS313,convalescent,Lambda,76.0,L452Q F490S,0.2324159021406728
PS314,convalescent,Lambda,129.0,L452Q F490S,0.4056603773584906
PS330,convalescent,Lambda,84.0,L452Q F490S,0.19534883720930232
PS329,convalescent,Lambda,4442.0,L452Q F490S,0.5670155731427112
#007-3,vaccinated,Mu,40.0,R346K E484K N501Y,0.06525285481239804
#020-3,vaccinated,Mu,41.0,R346K E484K N501Y,0.03456998313659359
#021-3,vaccinated,Mu,46.0,R346K E484K N501Y,0.12742382271468145
#026-3,vaccinated,Mu,69.0,R346K E484K N501Y,0.33495145631067963
#056-3,vaccinated,Mu,255.0,R346K E484K N501Y,0.29859484777517564
#028-3,vaccinated,Mu,112.0,R346K E484K N501Y,0.18823529411764706
#030-3,vaccinated,Mu,59.0,R346K E484K N501Y,0.23046875
#036-3,vaccinated,Mu,70.0,R346K E484K N501Y,0.15625
#045-3,vaccinated,Mu,137.0,R346K E484K N501Y,0.1916083916083916
#006-3,vaccinated,Mu,259.0,R346K E484K N501Y,0.10715763342987174
#027-3,vaccinated,Mu,52.0,R346K E484K N501Y,0.14130434782608695
#005-3,vaccinated,Mu,40.0,R346K E484K N501Y,0.07207207207207207
PS362,convalescent,Mu,46.0,R346K E484K N501Y,0.05515587529976019
PS340,convalescent,Mu,48.0,R346K E484K N501Y,0.13753581661891118
PS330,convalescent,Mu,40.0,R346K E484K N501Y,0.09302325581395349
PS314,convalescent,Mu,40.0,R346K E484K N501Y,0.12578616352201258
PS313,convalescent,Mu,47.0,R346K E484K N501Y,0.1437308868501529
PS364,convalescent,Mu,260.0,R346K E484K N501Y,0.10081426909654904
PS329,convalescent,Mu,844.0,R346K E484K N501Y,0.1077355118713301
PS324,convalescent,Mu,106.0,R346K E484K N501Y,0.1371280724450194
PS315,convalescent,Mu,40.0,R346K E484K N501Y,0.055710306406685235
12-01,convalescent,Mu,44.0,R346K E484K N501Y,0.15017064846416384
03-03,convalescent,Mu,40.0,R346K E484K N501Y,0.08
01-07,convalescent,Mu,94.0,R346K E484K N501Y,0.058421379738968306
#078-3,vaccinated,Mu,121.0,R346K E484K N501Y,0.09603174603174604
PS354,convalescent,Mu,265.0,R346K E484K N501Y,0.1503972758229285
#103-3,vaccinated,Mu,44.0,R346K E484K N501Y,0.14057507987220447
